optimizer,Overall dB,Test dB,Train dB,Overall MSE mean,Test MSE mean,Train MSE mean,Overall MSE sem,Test MSE sem,Train MSE sem,Avg. R Squared (test) mean,Avg. R Squared (training) mean,Avg. R Squared (test) sem,Avg. R Squared (training) sem,Avg. Train Time mean,Avg. Train Time sem,Avg. no of iterations,No. of useless models (test),No. of useless models (training)
SGD,-1.502,-1.358,-1.58,0.031488308,0.043856413,0.026280684,0.003016049,0.004915617,0.002562183,0.940442371,0.972712164,0.011199027,0.00258112,2.462984376,0.114058233,500,1,0
RMSprop,-1.689,-1.408,-1.898,0.020475719,0.039050808,0.012654629,0.001110492,0.002333446,0.000869932,0.946829063,0.986867833,0.006382532,0.000819619,2.46569726,0.111259868,500,0,0
Adagrad,-1.375,-1.282,-1.421,0.042178473,0.052273928,0.037927754,0.003451203,0.004855085,0.003309555,0.928634691,0.960398641,0.011489272,0.003567471,2.472434525,0.113735939,500,0,0
Adadelta,-1.668,-1.387,-1.877,0.021502553,0.041055614,0.013269685,0.001030701,0.002340451,0.000864225,0.943997384,0.986170457,0.006367534,0.000854503,2.585052881,0.117641751,500,0,0
Adam,-1.577,-1.304,-1.776,0.026489544,0.04963639,0.016743504,0.002749718,0.00452832,0.00239542,0.932893029,0.982573711,0.010423449,0.00241881,2.574129763,0.116354979,500,0,0
Adamax,-1.616,-1.387,-1.767,0.024190179,0.041025864,0.017101469,0.002146071,0.003581236,0.001857438,0.945837919,0.982151232,0.008162693,0.001890497,2.58685662,0.120023882,500,0,0
Nadam,-1.6,-1.238,-1.944,0.025114431,0.057753215,0.011371785,0.002478186,0.007252059,0.001252234,0.916875164,0.988252923,0.017088047,0.001218209,2.70164674,0.12903653,500,1,0
